iter,action,GBest Fitness,Reward,explore_particles,exploit_particles
0,12,2566.401839927344,0.0,25,25
1,12,1910.2761907743284,0.25553191870646613,25,25
2,12,1910.2761907743284,0.0,25,25
3,12,1910.2761907743284,0.0,25,25
4,12,1910.2761907743284,0.0,25,25
5,12,1910.2761907743284,0.0,25,25
6,12,1910.2761907743284,0.0,25,25
7,12,1910.2761907743284,0.0,25,25
8,12,1910.2761907743284,0.0,25,25
9,12,1910.2761907743284,0.0,25,25
10,12,1910.2761907743284,0.0,25,25
11,12,1910.2761907743284,0.0,25,25
12,12,1910.2761907743284,0.0,25,25
13,12,1910.2761907743284,0.0,25,25
14,12,1910.2761907743284,0.0,25,25
15,12,1910.2761907743284,0.0,25,25
16,12,1910.2761907743284,0.0,25,25
17,12,1910.2761907743284,0.0,25,25
18,12,1910.2761907743284,0.0,25,25
19,12,1820.9851087312782,0.03446179603976012,25,25
20,12,1820.9851087312782,0.0,25,25
21,12,1820.9851087312782,0.0,25,25
22,12,1820.9851087312782,0.0,25,25
23,12,1805.5618077493245,0.005940586849443955,25,25
24,12,1805.5618077493245,0.0,25,25
25,12,1805.5618077493245,0.0,25,25
26,12,1805.5618077493245,0.0,25,25
27,12,1805.5618077493245,0.0,25,25
28,12,1805.5618077493245,0.0,25,25
29,12,1805.5618077493245,0.0,25,25
30,12,1805.5618077493245,0.0,25,25
31,12,1805.5618077493245,0.0,25,25
32,12,1805.5618077493245,0.0,25,25
33,12,1805.5618077493245,0.0,25,25
34,12,1805.5618077493245,0.0,25,25
35,12,1805.5618077493245,0.0,25,25
36,12,1805.5618077493245,0.0,25,25
37,12,1669.8202983680667,0.05191326213414669,25,25
38,12,1669.8202983680667,0.0,25,25
39,12,1669.8202983680667,0.0,25,25
40,12,1669.8202983680667,0.0,25,25
41,12,1669.8202983680667,0.0,25,25
42,12,1669.8202983680667,0.0,25,25
43,12,1669.8202983680667,0.0,25,25
44,12,1669.8202983680667,0.0,25,25
45,12,1669.8202983680667,0.0,25,25
46,12,1669.8202983680667,0.0,25,25
47,12,1669.8202983680667,0.0,25,25
48,12,1669.8202983680667,0.0,25,25
49,12,1669.8202983680667,0.0,25,25
50,12,1669.8202983680667,0.0,25,25
51,12,1601.0831175282055,0.026100504483094134,25,25
52,12,1601.0831175282055,0.0,25,25
53,12,1601.0831175282055,0.0,25,25
54,12,1601.0831175282055,0.0,25,25
55,12,1601.0831175282055,0.0,25,25
56,12,1601.0831175282055,0.0,25,25
57,12,1601.0831175282055,0.0,25,25
58,12,1601.0831175282055,0.0,25,25
59,12,1601.0831175282055,0.0,25,25
60,12,1601.0831175282055,0.0,25,25
61,12,1601.0831175282055,0.0,25,25
62,12,1601.0831175282055,0.0,25,25
63,12,1601.0831175282055,0.0,25,25
64,12,1601.0831175282055,0.0,25,25
65,12,1601.0831175282055,0.0,25,25
66,12,1601.0831175282055,0.0,25,25
67,12,1601.0831175282055,0.0,25,25
68,12,1601.0831175282055,0.0,25,25
69,12,1601.0831175282055,0.0,25,25
70,12,1601.0831175282055,0.0,25,25
71,12,1601.0831175282055,0.0,25,25
72,12,1601.0831175282055,0.0,25,25
73,12,1601.0831175282055,0.0,25,25
74,12,1601.0831175282055,0.0,25,25
75,12,1601.0831175282055,0.0,25,25
76,12,1601.0831175282055,0.0,25,25
77,12,1601.0831175282055,0.0,25,25
78,12,1601.0831175282055,0.0,25,25
79,12,1601.0831175282055,0.0,25,25
80,12,1601.0831175282055,0.0,25,25
81,12,1601.0831175282055,0.0,25,25
82,12,1601.0831175282055,0.0,25,25
83,12,1601.0831175282055,0.0,25,25
84,12,1601.0831175282055,0.0,25,25
85,12,1601.0831175282055,0.0,25,25
86,12,1601.0831175282055,0.0,25,25
87,12,1601.0831175282055,0.0,25,25
88,12,1601.0831175282055,0.0,25,25
89,12,1601.0831175282055,0.0,25,25
90,12,1601.0831175282055,0.0,25,25
91,12,1601.0831175282055,0.0,25,25
92,12,1601.0831175282055,0.0,25,25
93,12,1601.0831175282055,0.0,25,25
94,12,1601.0831175282055,0.0,25,25
95,12,1601.0831175282055,0.0,25,25
96,12,1601.0831175282055,0.0,25,25
97,12,1601.0831175282055,0.0,25,25
98,12,1601.0831175282055,0.0,25,25
99,12,1601.0831175282055,0.0,25,25
100,12,1601.0831175282055,0.0,25,25
101,12,1601.0831175282055,0.0,25,25
102,12,1601.0831175282055,0.0,25,25
103,12,1601.0831175282055,0.0,25,25
104,12,1601.0831175282055,0.0,25,25
105,12,1601.0831175282055,0.0,25,25
106,12,1601.0831175282055,0.0,25,25
107,12,1601.0831175282055,0.0,25,25
108,12,1601.0831175282055,0.0,25,25
109,12,1601.0831175282055,0.0,25,25
110,12,1601.0831175282055,0.0,25,25
111,12,1601.0831175282055,0.0,25,25
112,12,1601.0831175282055,0.0,25,25
113,12,1601.0831175282055,0.0,25,25
114,12,1601.0831175282055,0.0,25,25
115,12,1601.0831175282055,0.0,25,25
116,12,1601.0831175282055,0.0,25,25
117,12,1601.0831175282055,0.0,25,25
118,12,1601.0831175282055,0.0,25,25
119,12,1601.0831175282055,0.0,25,25
120,12,1601.0831175282055,0.0,25,25
121,12,1601.0831175282055,0.0,25,25
122,12,1601.0831175282055,0.0,25,25
123,12,1601.0831175282055,0.0,25,25
124,12,1601.0831175282055,0.0,25,25
125,12,1601.0831175282055,0.0,25,25
126,12,1601.0831175282055,0.0,25,25
127,12,1601.0831175282055,0.0,25,25
128,12,1601.0831175282055,0.0,25,25
129,12,1601.0831175282055,0.0,25,25
130,12,1601.0831175282055,0.0,25,25
131,12,1601.0831175282055,0.0,25,25
132,12,1601.0831175282055,0.0,25,25
133,12,1601.0831175282055,0.0,25,25
134,12,1601.0831175282055,0.0,25,25
135,12,1486.2923395251155,0.04170913487613143,25,25
136,12,1486.2923395251155,0.0,25,25
137,12,1486.2923395251155,0.0,25,25
138,12,1486.2923395251155,0.0,25,25
139,12,1486.2923395251155,0.0,25,25
140,12,1486.2923395251155,0.0,25,25
141,12,1486.2923395251155,0.0,25,25
142,12,1486.2923395251155,0.0,25,25
143,12,1486.2923395251155,0.0,25,25
144,12,1486.2923395251155,0.0,25,25
145,12,1486.2923395251155,0.0,25,25
146,12,1486.2923395251155,0.0,25,25
147,12,1486.2923395251155,0.0,25,25
148,12,1486.2923395251155,0.0,25,25
149,12,1486.2923395251155,0.0,25,25
150,12,1486.2923395251155,0.0,25,25
151,12,1486.2923395251155,0.0,25,25
152,12,1486.2923395251155,0.0,25,25
153,12,1486.2923395251155,0.0,25,25
154,12,1486.2923395251155,0.0,25,25
155,12,1486.2923395251155,0.0,25,25
156,12,1486.2923395251155,0.0,25,25
157,12,1486.2923395251155,0.0,25,25
158,12,1486.2923395251155,0.0,25,25
159,12,1486.2923395251155,0.0,25,25
160,12,1486.2923395251155,0.0,25,25
161,12,1486.2923395251155,0.0,25,25
162,12,1486.2923395251155,0.0,25,25
163,12,1486.2923395251155,0.0,25,25
164,12,1486.2923395251155,0.0,25,25
165,12,1486.2923395251155,0.0,25,25
166,12,1486.2923395251155,0.0,25,25
167,12,1486.2923395251155,0.0,25,25
168,12,1486.2923395251155,0.0,25,25
169,12,1486.2923395251155,0.0,25,25
170,12,1486.2923395251155,0.0,25,25
171,12,1486.2923395251155,0.0,25,25
172,12,1486.2923395251155,0.0,25,25
173,12,1486.2923395251155,0.0,25,25
174,12,1486.2923395251155,0.0,25,25
175,12,1486.2923395251155,0.0,25,25
176,12,1486.2923395251155,0.0,25,25
177,12,1486.2923395251155,0.0,25,25
178,12,1486.2923395251155,0.0,25,25
179,12,1486.2923395251155,0.0,25,25
180,12,1486.2923395251155,0.0,25,25
181,12,1486.2923395251155,0.0,25,25
182,12,1486.2923395251155,0.0,25,25
183,12,1486.2923395251155,0.0,25,25
184,12,1486.2923395251155,0.0,25,25
185,12,1486.2923395251155,0.0,25,25
186,12,1486.2923395251155,0.0,25,25
187,12,1486.2923395251155,0.0,25,25
188,12,1486.2923395251155,0.0,25,25
189,12,1486.2923395251155,0.0,25,25
190,12,1486.2923395251155,0.0,25,25
191,12,1486.2923395251155,0.0,25,25
192,12,1486.2923395251155,0.0,25,25
193,12,1486.2923395251155,0.0,25,25
194,12,1486.2923395251155,0.0,25,25
195,12,1486.2923395251155,0.0,25,25
196,12,1486.2923395251155,0.0,25,25
197,12,1486.2923395251155,0.0,25,25
198,12,1486.2923395251155,0.0,25,25
199,12,1486.2923395251155,0.0,25,25
200,12,1486.2923395251155,0.0,25,25
201,12,1486.2923395251155,0.0,25,25
202,12,1486.2923395251155,0.0,25,25
203,12,1486.2923395251155,0.0,25,25
204,12,1486.2923395251155,0.0,25,25
205,12,1486.2923395251155,0.0,25,25
206,12,1486.2923395251155,0.0,25,25
207,12,1486.2923395251155,0.0,25,25
208,12,1486.2923395251155,0.0,25,25
209,12,1486.2923395251155,0.0,25,25
210,12,1486.2923395251155,0.0,25,25
211,12,1486.2923395251155,0.0,25,25
212,12,1486.2923395251155,0.0,25,25
213,12,1486.2923395251155,0.0,25,25
214,12,1486.2923395251155,0.0,25,25
215,12,1486.2923395251155,0.0,25,25
216,12,1486.2923395251155,0.0,25,25
217,12,1486.2923395251155,0.0,25,25
218,12,1486.2923395251155,0.0,25,25
219,12,1486.2923395251155,0.0,25,25
220,12,1486.2923395251155,0.0,25,25
221,12,1486.2923395251155,0.0,25,25
222,12,1486.2923395251155,0.0,25,25
223,12,1486.2923395251155,0.0,25,25
224,12,1486.2923395251155,0.0,25,25
225,12,1127.278418502126,0.12415236380789206,25,25
226,12,1127.278418502126,0.0,25,25
227,12,1127.278418502126,0.0,25,25
228,12,1127.278418502126,0.0,25,25
229,12,1127.278418502126,0.0,25,25
230,12,1127.278418502126,0.0,25,25
231,12,1127.278418502126,0.0,25,25
232,12,1127.278418502126,0.0,25,25
233,12,1127.278418502126,0.0,25,25
234,12,1127.278418502126,0.0,25,25
235,12,1127.278418502126,0.0,25,25
236,12,1127.278418502126,0.0,25,25
237,12,1127.278418502126,0.0,25,25
238,12,1127.278418502126,0.0,25,25
239,12,1127.278418502126,0.0,25,25
240,12,1127.278418502126,0.0,25,25
241,12,1127.278418502126,0.0,25,25
242,12,1127.278418502126,0.0,25,25
243,12,1127.278418502126,0.0,25,25
244,12,1127.278418502126,0.0,25,25
245,12,1127.278418502126,0.0,25,25
246,12,1127.278418502126,0.0,25,25
247,12,1127.278418502126,0.0,25,25
248,12,1127.278418502126,0.0,25,25
249,12,1127.278418502126,0.0,25,25
250,12,1127.278418502126,0.0,25,25
251,12,1127.278418502126,0.0,25,25
252,12,1127.278418502126,0.0,25,25
253,12,1127.278418502126,0.0,25,25
254,12,1127.278418502126,0.0,25,25
255,12,1127.278418502126,0.0,25,25
256,12,1127.278418502126,0.0,25,25
257,12,1127.278418502126,0.0,25,25
258,12,1127.278418502126,0.0,25,25
259,12,1127.278418502126,0.0,25,25
260,12,1127.278418502126,0.0,25,25
261,12,1127.278418502126,0.0,25,25
262,12,1127.278418502126,0.0,25,25
263,12,1127.278418502126,0.0,25,25
264,12,1127.278418502126,0.0,25,25
265,12,1127.278418502126,0.0,25,25
266,12,1127.278418502126,0.0,25,25
267,12,1127.278418502126,0.0,25,25
268,12,1127.278418502126,0.0,25,25
269,12,1127.278418502126,0.0,25,25
270,12,1127.278418502126,0.0,25,25
271,12,1127.278418502126,0.0,25,25
272,12,1127.278418502126,0.0,25,25
273,12,1127.278418502126,0.0,25,25
274,12,1127.278418502126,0.0,25,25
275,12,1127.278418502126,0.0,25,25
276,12,1127.278418502126,0.0,25,25
277,12,1127.278418502126,0.0,25,25
278,12,1127.278418502126,0.0,25,25
279,12,1127.278418502126,0.0,25,25
280,12,1127.278418502126,0.0,25,25
281,12,1127.278418502126,0.0,25,25
282,12,1127.278418502126,0.0,25,25
283,12,1127.278418502126,0.0,25,25
284,12,1127.278418502126,0.0,25,25
285,12,1127.278418502126,0.0,25,25
286,12,1127.278418502126,0.0,25,25
287,12,1127.278418502126,0.0,25,25
288,12,1127.278418502126,0.0,25,25
289,12,1127.278418502126,0.0,25,25
290,12,1127.278418502126,0.0,25,25
291,12,1127.278418502126,0.0,25,25
292,12,1127.278418502126,0.0,25,25
293,12,1127.278418502126,0.0,25,25
294,12,1127.278418502126,0.0,25,25
295,12,1127.278418502126,0.0,25,25
296,12,1127.278418502126,0.0,25,25
297,12,1127.278418502126,0.0,25,25
298,12,1127.278418502126,0.0,25,25
299,12,1127.278418502126,0.0,25,25
300,12,1127.278418502126,0.0,25,25
301,12,1127.278418502126,0.0,25,25
302,12,1127.278418502126,0.0,25,25
303,12,1127.278418502126,0.0,25,25
304,12,1127.278418502126,0.0,25,25
305,12,1127.278418502126,0.0,25,25
306,12,1127.278418502126,0.0,25,25
307,12,1127.278418502126,0.0,25,25
308,12,1127.278418502126,0.0,25,25
309,12,1127.278418502126,0.0,25,25
310,12,1127.278418502126,0.0,25,25
311,12,1127.278418502126,0.0,25,25
312,12,1127.278418502126,0.0,25,25
313,12,1127.278418502126,0.0,25,25
314,12,1127.278418502126,0.0,25,25
315,12,1127.278418502126,0.0,25,25
316,12,1127.278418502126,0.0,25,25
317,12,1127.278418502126,0.0,25,25
318,12,1127.278418502126,0.0,25,25
319,12,1127.278418502126,0.0,25,25
320,12,1127.278418502126,0.0,25,25
321,12,1127.278418502126,0.0,25,25
322,12,1127.278418502126,0.0,25,25
323,12,1127.278418502126,0.0,25,25
324,12,1127.278418502126,0.0,25,25
325,12,1127.278418502126,0.0,25,25
326,12,1127.278418502126,0.0,25,25
327,12,1127.278418502126,0.0,25,25
328,12,1127.278418502126,0.0,25,25
329,12,1127.278418502126,0.0,25,25
330,12,1127.278418502126,0.0,25,25
331,12,1127.278418502126,0.0,25,25
332,12,1127.278418502126,0.0,25,25
333,12,1127.278418502126,0.0,25,25
334,12,1127.278418502126,0.0,25,25
335,12,1127.278418502126,0.0,25,25
336,12,1127.278418502126,0.0,25,25
337,12,1127.278418502126,0.0,25,25
338,12,1127.278418502126,0.0,25,25
339,12,1127.278418502126,0.0,25,25
340,12,1127.278418502126,0.0,25,25
341,12,1127.278418502126,0.0,25,25
342,12,1127.278418502126,0.0,25,25
343,12,1127.278418502126,0.0,25,25
344,12,1127.278418502126,0.0,25,25
345,12,1127.278418502126,0.0,25,25
346,12,1127.278418502126,0.0,25,25
347,12,1127.278418502126,0.0,25,25
348,12,1127.278418502126,0.0,25,25
349,12,1127.278418502126,0.0,25,25
350,12,1127.278418502126,0.0,25,25
351,12,1127.278418502126,0.0,25,25
352,12,1127.278418502126,0.0,25,25
353,12,1127.278418502126,0.0,25,25
354,12,1127.278418502126,0.0,25,25
355,12,1127.278418502126,0.0,25,25
356,12,1127.278418502126,0.0,25,25
357,12,1127.278418502126,0.0,25,25
358,12,1127.278418502126,0.0,25,25
359,12,1127.278418502126,0.0,25,25
360,12,1127.278418502126,0.0,25,25
361,12,1127.278418502126,0.0,25,25
362,12,1127.278418502126,0.0,25,25
363,12,1127.278418502126,0.0,25,25
364,12,1127.278418502126,0.0,25,25
365,12,1127.278418502126,0.0,25,25
366,12,1127.278418502126,0.0,25,25
367,12,1127.278418502126,0.0,25,25
368,12,1127.278418502126,0.0,25,25
369,12,1127.278418502126,0.0,25,25
370,12,1127.278418502126,0.0,25,25
371,12,1127.278418502126,0.0,25,25
372,12,1127.278418502126,0.0,25,25
373,12,1127.278418502126,0.0,25,25
374,12,1127.278418502126,0.0,25,25
375,12,1127.278418502126,0.0,25,25
376,12,1127.278418502126,0.0,25,25
377,12,1127.278418502126,0.0,25,25
378,12,1127.278418502126,0.0,25,25
379,12,1127.278418502126,0.0,25,25
380,12,1127.278418502126,0.0,25,25
381,12,1127.278418502126,0.0,25,25
382,12,1127.278418502126,0.0,25,25
383,12,1127.278418502126,0.0,25,25
384,12,1127.278418502126,0.0,25,25
385,12,1127.278418502126,0.0,25,25
386,12,1127.278418502126,0.0,25,25
387,12,1127.278418502126,0.0,25,25
388,12,1127.278418502126,0.0,25,25
389,12,1127.278418502126,0.0,25,25
390,12,1127.278418502126,0.0,25,25
391,12,1127.278418502126,0.0,25,25
392,12,1127.278418502126,0.0,25,25
393,12,1127.278418502126,0.0,25,25
394,12,1127.278418502126,0.0,25,25
395,12,1127.278418502126,0.0,25,25
396,12,1127.278418502126,0.0,25,25
397,12,1127.278418502126,0.0,25,25
398,12,1127.278418502126,0.0,25,25
399,12,1127.278418502126,0.0,25,25
400,12,1127.278418502126,0.0,25,25
401,12,1127.278418502126,0.0,25,25
402,12,1127.278418502126,0.0,25,25
403,12,1127.278418502126,0.0,25,25
404,12,1127.278418502126,0.0,25,25
405,12,1127.278418502126,0.0,25,25
406,12,1127.278418502126,0.0,25,25
407,12,1127.278418502126,0.0,25,25
408,12,1127.278418502126,0.0,25,25
409,12,1127.278418502126,0.0,25,25
410,12,1127.278418502126,0.0,25,25
411,12,1127.278418502126,0.0,25,25
412,12,1127.278418502126,0.0,25,25
413,12,1127.278418502126,0.0,25,25
414,12,1127.278418502126,0.0,25,25
415,12,1127.278418502126,0.0,25,25
416,12,1127.278418502126,0.0,25,25
417,12,1127.278418502126,0.0,25,25
418,12,1127.278418502126,0.0,25,25
419,12,1127.278418502126,0.0,25,25
420,12,1127.278418502126,0.0,25,25
421,12,1127.278418502126,0.0,25,25
422,12,1127.278418502126,0.0,25,25
423,12,1127.278418502126,0.0,25,25
424,12,1127.278418502126,0.0,25,25
425,12,1127.278418502126,0.0,25,25
426,12,1127.278418502126,0.0,25,25
427,12,1127.278418502126,0.0,25,25
428,12,1127.278418502126,0.0,25,25
429,12,1127.278418502126,0.0,25,25
430,12,1127.278418502126,0.0,25,25
431,12,1127.278418502126,0.0,25,25
432,12,1127.278418502126,0.0,25,25
433,12,1127.278418502126,0.0,25,25
434,12,1127.278418502126,0.0,25,25
435,12,1127.278418502126,0.0,25,25
436,12,1127.278418502126,0.0,25,25
437,12,1127.278418502126,0.0,25,25
438,12,1127.278418502126,0.0,25,25
439,12,1127.278418502126,0.0,25,25
440,12,1127.278418502126,0.0,25,25
441,12,1127.278418502126,0.0,25,25
442,12,1127.278418502126,0.0,25,25
443,12,1127.278418502126,0.0,25,25
444,12,1127.278418502126,0.0,25,25
445,12,1127.278418502126,0.0,25,25
446,12,1127.278418502126,0.0,25,25
447,12,1127.278418502126,0.0,25,25
448,12,1127.278418502126,0.0,25,25
449,12,1127.278418502126,0.0,25,25
450,12,1127.278418502126,0.0,25,25
451,12,1127.278418502126,0.0,25,25
452,12,1127.278418502126,0.0,25,25
453,12,1127.278418502126,0.0,25,25
454,12,1127.278418502126,0.0,25,25
455,12,1127.278418502126,0.0,25,25
456,12,1127.278418502126,0.0,25,25
457,12,1127.278418502126,0.0,25,25
458,12,1127.278418502126,0.0,25,25
459,12,1127.278418502126,0.0,25,25
460,12,1127.278418502126,0.0,25,25
461,12,1127.278418502126,0.0,25,25
462,12,1127.278418502126,0.0,25,25
463,12,1127.278418502126,0.0,25,25
464,12,1127.278418502126,0.0,25,25
465,12,1127.278418502126,0.0,25,25
466,12,1127.278418502126,0.0,25,25
467,12,1127.278418502126,0.0,25,25
468,12,1127.278418502126,0.0,25,25
469,12,1127.278418502126,0.0,25,25
470,12,1127.278418502126,0.0,25,25
471,12,1127.278418502126,0.0,25,25
472,12,1127.278418502126,0.0,25,25
473,12,1127.278418502126,0.0,25,25
474,12,1127.278418502126,0.0,25,25
475,12,1127.278418502126,0.0,25,25
476,12,1127.278418502126,0.0,25,25
477,12,1127.278418502126,0.0,25,25
478,12,1127.278418502126,0.0,25,25
479,12,1127.278418502126,0.0,25,25
480,12,1127.278418502126,0.0,25,25
481,12,1127.278418502126,0.0,25,25
482,12,1127.278418502126,0.0,25,25
483,12,1127.278418502126,0.0,25,25
484,12,1127.278418502126,0.0,25,25
485,12,1127.278418502126,0.0,25,25
486,12,1127.278418502126,0.0,25,25
487,12,1127.278418502126,0.0,25,25
488,12,1127.278418502126,0.0,25,25
489,12,1127.278418502126,0.0,25,25
490,12,1127.278418502126,0.0,25,25
491,12,1127.278418502126,0.0,25,25
492,12,1127.278418502126,0.0,25,25
493,12,1127.278418502126,0.0,25,25
494,12,1127.278418502126,0.0,25,25
495,12,1127.278418502126,0.0,25,25
496,12,1127.278418502126,0.0,25,25
497,12,1127.278418502126,0.0,25,25
498,12,1127.278418502126,0.0,25,25
499,12,1127.278418502126,0.0,25,25
500,12,1127.278418502126,0.0,25,25
501,12,1127.278418502126,0.0,25,25
502,12,1127.278418502126,0.0,25,25
503,12,1127.278418502126,0.0,25,25
504,12,1127.278418502126,0.0,25,25
505,12,1127.278418502126,0.0,25,25
506,12,1127.278418502126,0.0,25,25
507,12,1127.278418502126,0.0,25,25
508,12,1127.278418502126,0.0,25,25
509,12,1127.278418502126,0.0,25,25
510,12,1127.278418502126,0.0,25,25
511,12,1127.278418502126,0.0,25,25
512,12,1127.278418502126,0.0,25,25
513,12,1127.278418502126,0.0,25,25
514,12,1127.278418502126,0.0,25,25
515,12,1127.278418502126,0.0,25,25
516,12,1127.278418502126,0.0,25,25
517,12,1127.278418502126,0.0,25,25
518,12,1127.278418502126,0.0,25,25
519,12,1127.278418502126,0.0,25,25
520,12,1127.278418502126,0.0,25,25
521,12,1127.278418502126,0.0,25,25
522,12,1127.278418502126,0.0,25,25
523,12,1127.278418502126,0.0,25,25
524,12,1127.278418502126,0.0,25,25
525,12,1127.278418502126,0.0,25,25
526,12,1127.278418502126,0.0,25,25
527,12,1127.278418502126,0.0,25,25
528,12,1127.278418502126,0.0,25,25
529,12,1127.278418502126,0.0,25,25
530,12,1127.278418502126,0.0,25,25
531,12,1127.278418502126,0.0,25,25
532,12,1127.278418502126,0.0,25,25
533,12,1127.278418502126,0.0,25,25
534,12,1127.278418502126,0.0,25,25
535,12,1127.278418502126,0.0,25,25
536,12,1127.278418502126,0.0,25,25
537,12,1127.278418502126,0.0,25,25
538,12,1127.278418502126,0.0,25,25
539,12,1127.278418502126,0.0,25,25
540,12,1127.278418502126,0.0,25,25
541,12,1127.278418502126,0.0,25,25
542,12,1127.278418502126,0.0,25,25
543,12,1127.278418502126,0.0,25,25
544,12,1127.278418502126,0.0,25,25
545,12,1127.278418502126,0.0,25,25
546,12,1127.278418502126,0.0,25,25
547,12,1127.278418502126,0.0,25,25
548,12,1127.278418502126,0.0,25,25
549,12,1127.278418502126,0.0,25,25
550,12,1127.278418502126,0.0,25,25
551,12,1127.278418502126,0.0,25,25
552,12,1127.278418502126,0.0,25,25
553,12,1127.278418502126,0.0,25,25
554,12,1127.278418502126,0.0,25,25
555,12,1127.278418502126,0.0,25,25
556,12,1127.278418502126,0.0,25,25
557,12,1127.278418502126,0.0,25,25
558,12,1127.278418502126,0.0,25,25
559,12,1127.278418502126,0.0,25,25
560,12,1127.278418502126,0.0,25,25
561,12,1127.278418502126,0.0,25,25
562,12,1127.278418502126,0.0,25,25
563,12,1127.278418502126,0.0,25,25
564,12,1127.278418502126,0.0,25,25
565,12,1127.278418502126,0.0,25,25
566,12,1127.278418502126,0.0,25,25
567,12,1127.278418502126,0.0,25,25
568,12,1127.278418502126,0.0,25,25
569,12,1127.278418502126,0.0,25,25
570,12,1127.278418502126,0.0,25,25
571,12,1127.278418502126,0.0,25,25
572,12,1127.278418502126,0.0,25,25
573,12,1127.278418502126,0.0,25,25
574,12,1127.278418502126,0.0,25,25
575,12,1127.278418502126,0.0,25,25
576,12,1127.278418502126,0.0,25,25
577,12,1127.278418502126,0.0,25,25
578,12,1127.278418502126,0.0,25,25
579,12,1127.278418502126,0.0,25,25
580,12,1127.278418502126,0.0,25,25
581,12,1127.278418502126,0.0,25,25
582,12,1127.278418502126,0.0,25,25
583,12,1127.278418502126,0.0,25,25
584,12,1127.278418502126,0.0,25,25
585,12,1127.278418502126,0.0,25,25
586,12,1127.278418502126,0.0,25,25
587,12,1127.278418502126,0.0,25,25
588,12,1127.278418502126,0.0,25,25
589,12,1127.278418502126,0.0,25,25
590,12,1127.278418502126,0.0,25,25
591,12,1127.278418502126,0.0,25,25
592,12,1127.278418502126,0.0,25,25
593,12,1127.278418502126,0.0,25,25
594,12,1127.278418502126,0.0,25,25
595,12,1127.278418502126,0.0,25,25
596,12,1127.278418502126,0.0,25,25
597,12,1127.278418502126,0.0,25,25
598,12,1127.278418502126,0.0,25,25
599,12,1127.278418502126,0.0,25,25
600,12,1127.278418502126,0.0,25,25
601,12,1127.278418502126,0.0,25,25
602,12,1127.278418502126,0.0,25,25
603,12,1127.278418502126,0.0,25,25
604,12,1127.278418502126,0.0,25,25
605,12,1127.278418502126,0.0,25,25
606,12,1127.278418502126,0.0,25,25
607,12,1127.278418502126,0.0,25,25
608,12,1127.278418502126,0.0,25,25
609,12,1127.278418502126,0.0,25,25
610,12,1127.278418502126,0.0,25,25
611,12,1127.278418502126,0.0,25,25
612,12,1127.278418502126,0.0,25,25
613,12,1127.278418502126,0.0,25,25
614,12,1127.278418502126,0.0,25,25
615,12,1127.278418502126,0.0,25,25
616,12,1127.278418502126,0.0,25,25
617,12,1127.278418502126,0.0,25,25
618,12,1127.278418502126,0.0,25,25
619,12,1127.278418502126,0.0,25,25
620,12,1127.278418502126,0.0,25,25
621,12,1127.278418502126,0.0,25,25
622,12,1127.278418502126,0.0,25,25
623,12,1127.278418502126,0.0,25,25
624,12,1127.278418502126,0.0,25,25
625,12,1127.278418502126,0.0,25,25
626,12,1127.278418502126,0.0,25,25
627,12,1127.278418502126,0.0,25,25
628,12,1127.278418502126,0.0,25,25
629,12,1127.278418502126,0.0,25,25
630,12,1127.278418502126,0.0,25,25
631,12,1127.278418502126,0.0,25,25
632,12,1127.278418502126,0.0,25,25
633,12,1127.278418502126,0.0,25,25
634,12,1127.278418502126,0.0,25,25
635,12,1127.278418502126,0.0,25,25
636,12,1127.278418502126,0.0,25,25
637,12,1127.278418502126,0.0,25,25
638,12,1127.278418502126,0.0,25,25
639,12,1127.278418502126,0.0,25,25
640,12,1127.278418502126,0.0,25,25
641,12,1127.278418502126,0.0,25,25
642,12,1127.278418502126,0.0,25,25
643,12,1127.278418502126,0.0,25,25
644,12,1127.278418502126,0.0,25,25
645,12,1127.278418502126,0.0,25,25
646,12,1127.278418502126,0.0,25,25
647,12,1127.278418502126,0.0,25,25
648,12,1127.278418502126,0.0,25,25
649,12,1127.278418502126,0.0,25,25
650,12,1127.278418502126,0.0,25,25
651,12,1127.278418502126,0.0,25,25
652,12,1127.278418502126,0.0,25,25
653,12,1127.278418502126,0.0,25,25
654,12,1127.278418502126,0.0,25,25
655,12,1127.278418502126,0.0,25,25
656,12,1127.278418502126,0.0,25,25
657,12,1127.278418502126,0.0,25,25
658,12,1127.278418502126,0.0,25,25
659,12,1127.278418502126,0.0,25,25
660,12,1127.278418502126,0.0,25,25
661,12,1127.278418502126,0.0,25,25
662,12,1127.278418502126,0.0,25,25
663,12,1127.278418502126,0.0,25,25
664,12,1127.278418502126,0.0,25,25
665,12,1127.278418502126,0.0,25,25
666,12,1127.278418502126,0.0,25,25
667,12,1127.278418502126,0.0,25,25
668,12,1127.278418502126,0.0,25,25
669,12,1127.278418502126,0.0,25,25
670,12,1127.278418502126,0.0,25,25
671,12,1127.278418502126,0.0,25,25
672,12,1127.278418502126,0.0,25,25
673,12,1127.278418502126,0.0,25,25
674,12,1127.278418502126,0.0,25,25
675,12,1127.278418502126,0.0,25,25
676,12,1127.278418502126,0.0,25,25
677,12,1127.278418502126,0.0,25,25
678,12,1127.278418502126,0.0,25,25
679,12,1127.278418502126,0.0,25,25
680,12,1127.278418502126,0.0,25,25
681,12,1127.278418502126,0.0,25,25
682,12,1127.278418502126,0.0,25,25
683,12,1127.278418502126,0.0,25,25
684,12,1127.278418502126,0.0,25,25
685,12,1127.278418502126,0.0,25,25
686,12,1127.278418502126,0.0,25,25
687,12,1127.278418502126,0.0,25,25
688,12,1127.278418502126,0.0,25,25
689,12,1127.278418502126,0.0,25,25
690,12,1127.278418502126,0.0,25,25
691,12,1127.278418502126,0.0,25,25
692,12,1127.278418502126,0.0,25,25
693,12,1127.278418502126,0.0,25,25
694,12,1127.278418502126,0.0,25,25
695,12,1127.278418502126,0.0,25,25
696,12,1127.278418502126,0.0,25,25
697,12,1127.278418502126,0.0,25,25
698,12,1127.278418502126,0.0,25,25
699,12,1127.278418502126,0.0,25,25
700,12,1127.278418502126,0.0,25,25
701,12,1127.278418502126,0.0,25,25
702,12,1127.278418502126,0.0,25,25
703,12,1127.278418502126,0.0,25,25
704,12,1127.278418502126,0.0,25,25
705,12,1127.278418502126,0.0,25,25
706,12,1127.278418502126,0.0,25,25
707,12,1127.278418502126,0.0,25,25
708,12,1127.278418502126,0.0,25,25
709,12,1127.278418502126,0.0,25,25
710,12,1127.278418502126,0.0,25,25
711,12,1127.278418502126,0.0,25,25
712,12,1127.278418502126,0.0,25,25
713,12,1127.278418502126,0.0,25,25
714,12,1127.278418502126,0.0,25,25
715,12,1127.278418502126,0.0,25,25
716,12,1127.278418502126,0.0,25,25
717,12,1127.278418502126,0.0,25,25
718,12,1127.278418502126,0.0,25,25
719,12,1127.278418502126,0.0,25,25
720,12,1127.278418502126,0.0,25,25
721,12,1127.278418502126,0.0,25,25
722,12,1127.278418502126,0.0,25,25
723,12,1127.278418502126,0.0,25,25
724,12,1127.278418502126,0.0,25,25
725,12,1127.278418502126,0.0,25,25
726,12,1127.278418502126,0.0,25,25
727,12,1127.278418502126,0.0,25,25
728,12,1127.278418502126,0.0,25,25
729,12,1127.278418502126,0.0,25,25
730,12,1127.278418502126,0.0,25,25
731,12,1127.278418502126,0.0,25,25
732,12,1127.278418502126,0.0,25,25
733,12,1127.278418502126,0.0,25,25
734,12,1127.278418502126,0.0,25,25
735,12,1127.278418502126,0.0,25,25
736,12,1127.278418502126,0.0,25,25
737,12,1127.278418502126,0.0,25,25
738,12,1127.278418502126,0.0,25,25
739,12,1127.278418502126,0.0,25,25
740,12,1127.278418502126,0.0,25,25
741,12,1127.278418502126,0.0,25,25
742,12,1127.278418502126,0.0,25,25
743,12,1127.278418502126,0.0,25,25
744,12,1127.278418502126,0.0,25,25
745,12,1127.278418502126,0.0,25,25
746,12,1127.278418502126,0.0,25,25
747,12,1127.278418502126,0.0,25,25
748,12,1127.278418502126,0.0,25,25
749,12,1127.278418502126,0.0,25,25
750,12,1127.278418502126,0.0,25,25
751,12,1127.278418502126,0.0,25,25
752,12,1127.278418502126,0.0,25,25
753,12,1127.278418502126,0.0,25,25
754,12,1127.278418502126,0.0,25,25
755,12,1127.278418502126,0.0,25,25
756,12,1127.278418502126,0.0,25,25
757,12,1127.278418502126,0.0,25,25
758,12,1127.278418502126,0.0,25,25
759,12,1127.278418502126,0.0,25,25
760,12,1127.278418502126,0.0,25,25
761,12,1127.278418502126,0.0,25,25
762,12,1127.278418502126,0.0,25,25
763,12,1127.278418502126,0.0,25,25
764,12,1127.278418502126,0.0,25,25
765,12,1127.278418502126,0.0,25,25
766,12,1127.278418502126,0.0,25,25
767,12,1127.278418502126,0.0,25,25
768,12,1127.278418502126,0.0,25,25
769,12,1127.278418502126,0.0,25,25
770,12,1127.278418502126,0.0,25,25
771,12,1127.278418502126,0.0,25,25
772,12,1127.278418502126,0.0,25,25
773,12,1127.278418502126,0.0,25,25
774,12,1127.278418502126,0.0,25,25
775,12,1127.278418502126,0.0,25,25
776,12,1127.278418502126,0.0,25,25
777,12,1127.278418502126,0.0,25,25
778,12,1127.278418502126,0.0,25,25
779,12,1127.278418502126,0.0,25,25
780,12,1127.278418502126,0.0,25,25
781,12,1127.278418502126,0.0,25,25
782,12,1127.278418502126,0.0,25,25
783,12,1127.278418502126,0.0,25,25
784,12,1127.278418502126,0.0,25,25
785,12,1127.278418502126,0.0,25,25
786,12,1127.278418502126,0.0,25,25
787,12,1127.278418502126,0.0,25,25
788,12,1127.278418502126,0.0,25,25
789,12,1127.278418502126,0.0,25,25
790,12,1127.278418502126,0.0,25,25
791,12,1127.278418502126,0.0,25,25
792,12,1127.278418502126,0.0,25,25
793,12,1127.278418502126,0.0,25,25
794,12,1127.278418502126,0.0,25,25
795,12,1127.278418502126,0.0,25,25
796,12,1127.278418502126,0.0,25,25
797,12,1127.278418502126,0.0,25,25
798,12,1127.278418502126,0.0,25,25
799,12,1127.278418502126,0.0,25,25
800,12,1127.278418502126,0.0,25,25
801,12,1127.278418502126,0.0,25,25
802,12,1127.278418502126,0.0,25,25
803,12,1127.278418502126,0.0,25,25
804,12,1127.278418502126,0.0,25,25
805,12,1127.278418502126,0.0,25,25
806,12,1127.278418502126,0.0,25,25
807,12,1127.278418502126,0.0,25,25
808,12,1127.278418502126,0.0,25,25
809,12,1127.278418502126,0.0,25,25
810,12,1127.278418502126,0.0,25,25
811,12,1127.278418502126,0.0,25,25
812,12,1127.278418502126,0.0,25,25
813,12,1127.278418502126,0.0,25,25
814,12,1127.278418502126,0.0,25,25
815,12,1127.278418502126,0.0,25,25
816,12,1127.278418502126,0.0,25,25
817,12,1127.278418502126,0.0,25,25
818,12,1127.278418502126,0.0,25,25
819,12,1127.278418502126,0.0,25,25
820,12,1127.278418502126,0.0,25,25
821,12,1127.278418502126,0.0,25,25
822,12,1127.278418502126,0.0,25,25
823,12,1127.278418502126,0.0,25,25
824,12,1127.278418502126,0.0,25,25
825,12,1127.278418502126,0.0,25,25
826,12,1127.278418502126,0.0,25,25
827,12,1127.278418502126,0.0,25,25
828,12,1127.278418502126,0.0,25,25
829,12,1127.278418502126,0.0,25,25
830,12,1127.278418502126,0.0,25,25
831,12,1127.278418502126,0.0,25,25
832,12,1127.278418502126,0.0,25,25
833,12,1127.278418502126,0.0,25,25
834,12,1127.278418502126,0.0,25,25
835,12,1127.278418502126,0.0,25,25
836,12,1127.278418502126,0.0,25,25
837,12,1127.278418502126,0.0,25,25
838,12,1127.278418502126,0.0,25,25
839,12,1127.278418502126,0.0,25,25
840,12,1127.278418502126,0.0,25,25
841,12,1127.278418502126,0.0,25,25
842,12,1127.278418502126,0.0,25,25
843,12,1127.278418502126,0.0,25,25
844,12,1127.278418502126,0.0,25,25
845,12,1127.278418502126,0.0,25,25
846,12,1127.278418502126,0.0,25,25
847,12,1127.278418502126,0.0,25,25
848,12,1127.278418502126,0.0,25,25
849,12,1127.278418502126,0.0,25,25
850,12,1127.278418502126,0.0,25,25
851,12,1127.278418502126,0.0,25,25
852,12,1127.278418502126,0.0,25,25
853,12,1127.278418502126,0.0,25,25
854,12,1127.278418502126,0.0,25,25
855,12,1127.278418502126,0.0,25,25
856,12,1127.278418502126,0.0,25,25
857,12,1127.278418502126,0.0,25,25
858,12,1127.278418502126,0.0,25,25
859,12,1127.278418502126,0.0,25,25
860,12,1127.278418502126,0.0,25,25
861,12,1127.278418502126,0.0,25,25
862,12,1127.278418502126,0.0,25,25
863,12,1127.278418502126,0.0,25,25
864,12,1127.278418502126,0.0,25,25
865,12,1127.278418502126,0.0,25,25
866,12,1127.278418502126,0.0,25,25
867,12,1127.278418502126,0.0,25,25
868,12,1127.278418502126,0.0,25,25
869,12,1127.278418502126,0.0,25,25
870,12,1127.278418502126,0.0,25,25
871,12,1127.278418502126,0.0,25,25
872,12,1127.278418502126,0.0,25,25
873,12,1127.278418502126,0.0,25,25
874,12,1127.278418502126,0.0,25,25
875,12,1127.278418502126,0.0,25,25
876,12,1127.278418502126,0.0,25,25
877,12,1127.278418502126,0.0,25,25
878,12,1127.278418502126,0.0,25,25
879,12,1127.278418502126,0.0,25,25
880,12,1127.278418502126,0.0,25,25
881,12,1127.278418502126,0.0,25,25
882,12,1127.278418502126,0.0,25,25
883,12,1127.278418502126,0.0,25,25
884,12,1127.278418502126,0.0,25,25
885,12,1127.278418502126,0.0,25,25
886,12,1127.278418502126,0.0,25,25
887,12,1127.278418502126,0.0,25,25
888,12,1127.278418502126,0.0,25,25
889,12,1127.278418502126,0.0,25,25
890,12,1127.278418502126,0.0,25,25
891,12,1127.278418502126,0.0,25,25
892,12,1127.278418502126,0.0,25,25
893,12,1127.278418502126,0.0,25,25
894,12,1127.278418502126,0.0,25,25
895,12,1127.278418502126,0.0,25,25
896,12,1127.278418502126,0.0,25,25
897,12,1127.278418502126,0.0,25,25
898,12,1127.278418502126,0.0,25,25
899,12,1127.278418502126,0.0,25,25
900,12,1127.278418502126,0.0,25,25
901,12,1127.278418502126,0.0,25,25
902,1,1127.278418502126,0.0,35,15
903,1,1127.278418502126,0.0,35,15
904,1,1127.278418502126,0.0,35,15
905,1,1127.278418502126,0.0,35,15
906,1,1127.278418502126,0.0,35,15
907,1,1127.278418502126,0.0,35,15
908,1,1127.278418502126,0.0,35,15
909,1,1127.278418502126,0.0,35,15
910,1,1127.278418502126,0.0,35,15
911,1,1127.278418502126,0.0,35,15
912,1,1127.278418502126,0.0,35,15
913,1,1127.278418502126,0.0,35,15
914,1,1127.278418502126,0.0,35,15
915,1,1127.278418502126,0.0,35,15
916,1,1127.278418502126,0.0,35,15
917,1,1127.278418502126,0.0,35,15
918,1,1127.278418502126,0.0,35,15
919,5,1127.278418502126,0.0,25,25
920,5,1127.278418502126,0.0,25,25
921,5,1127.278418502126,0.0,25,25
922,5,1127.278418502126,0.0,25,25
923,5,1127.278418502126,0.0,25,25
924,5,1127.278418502126,0.0,25,25
925,5,1127.278418502126,0.0,25,25
926,5,1127.278418502126,0.0,25,25
927,5,1127.278418502126,0.0,25,25
928,5,1127.278418502126,0.0,25,25
929,5,1127.278418502126,0.0,25,25
930,5,1127.278418502126,0.0,25,25
931,5,1127.278418502126,0.0,25,25
932,5,1127.278418502126,0.0,25,25
933,5,1127.278418502126,0.0,25,25
934,1,1127.278418502126,0.0,35,15
935,1,1127.278418502126,0.0,35,15
936,1,1127.278418502126,0.0,35,15
937,1,1127.278418502126,0.0,35,15
938,1,1127.278418502126,0.0,35,15
939,1,1127.278418502126,0.0,35,15
940,1,1127.278418502126,0.0,35,15
941,1,1127.278418502126,0.0,35,15
942,1,1127.278418502126,0.0,35,15
943,1,1127.278418502126,0.0,35,15
944,1,1127.278418502126,0.0,35,15
945,1,1127.278418502126,0.0,35,15
946,1,1127.278418502126,0.0,35,15
947,1,1127.278418502126,0.0,35,15
948,1,1127.278418502126,0.0,35,15
949,1,1127.278418502126,0.0,35,15
950,1,1127.278418502126,0.0,35,15
951,1,1127.278418502126,0.0,35,15
952,1,1127.278418502126,0.0,35,15
953,1,1127.278418502126,0.0,35,15
954,1,1127.278418502126,0.0,35,15
955,1,1127.278418502126,0.0,35,15
956,1,1127.278418502126,0.0,35,15
957,1,1127.278418502126,0.0,35,15
958,1,1127.278418502126,0.0,35,15
959,1,1127.278418502126,0.0,35,15
960,1,1127.278418502126,0.0,35,15
961,1,1127.278418502126,0.0,35,15
962,1,1127.278418502126,0.0,35,15
963,1,1127.278418502126,0.0,35,15
964,1,1127.278418502126,0.0,35,15
965,1,1127.278418502126,0.0,35,15
966,1,1127.278418502126,0.0,35,15
967,1,1127.278418502126,0.0,35,15
968,1,1127.278418502126,0.0,35,15
969,1,1127.278418502126,0.0,35,15
970,1,1127.278418502126,0.0,35,15
971,1,1127.278418502126,0.0,35,15
972,1,1127.278418502126,0.0,35,15
973,1,1127.278418502126,0.0,35,15
974,12,1127.278418502126,0.0,25,25
975,12,1127.278418502126,0.0,25,25
976,12,1127.278418502126,0.0,25,25
977,12,1127.278418502126,0.0,25,25
978,12,1127.278418502126,0.0,25,25
979,12,1127.278418502126,0.0,25,25
980,12,1127.278418502126,0.0,25,25
981,12,1127.278418502126,0.0,25,25
982,12,1127.278418502126,0.0,25,25
983,12,1127.278418502126,0.0,25,25
984,12,1127.278418502126,0.0,25,25
985,12,1127.278418502126,0.0,25,25
986,12,1127.278418502126,0.0,25,25
987,12,1127.278418502126,0.0,25,25
988,12,1127.278418502126,0.0,25,25
989,12,1127.278418502126,0.0,25,25
990,12,1127.278418502126,0.0,25,25
991,12,1127.278418502126,0.0,25,25
992,12,1127.278418502126,0.0,25,25
993,12,1127.278418502126,0.0,25,25
994,12,1127.278418502126,0.0,25,25
995,12,1127.278418502126,0.0,25,25
996,12,1127.278418502126,0.0,25,25
997,12,1127.278418502126,0.0,25,25
998,12,1127.278418502126,0.0,25,25
999,1,1127.278418502126,0.0,34,16
1000,1,1127.278418502126,0.0,34,16
1001,1,1127.278418502126,0.0,34,16
1002,1,1127.278418502126,0.0,34,16
1003,1,1127.278418502126,0.0,34,16
1004,1,1127.278418502126,0.0,34,16
1005,1,1127.278418502126,0.0,34,16
1006,1,1127.278418502126,0.0,34,16
1007,1,1127.278418502126,0.0,34,16
1008,1,1127.278418502126,0.0,34,16
1009,1,1127.278418502126,0.0,34,16
1010,1,1127.278418502126,0.0,34,16
1011,1,1127.278418502126,0.0,34,16
1012,1,1127.278418502126,0.0,34,16
1013,1,1127.278418502126,0.0,34,16
1014,1,1127.278418502126,0.0,34,16
1015,1,1127.278418502126,0.0,34,16
1016,1,1127.278418502126,0.0,34,16
1017,1,1127.278418502126,0.0,34,16
1018,1,1127.278418502126,0.0,34,16
1019,1,1127.278418502126,0.0,34,16
1020,1,1127.278418502126,0.0,34,16
1021,1,1127.278418502126,0.0,34,16
1022,1,1127.278418502126,0.0,34,16
1023,1,1127.278418502126,0.0,34,16
1024,1,1127.278418502126,0.0,34,16
1025,1,1127.278418502126,0.0,34,16
1026,1,1127.278418502126,0.0,34,16
1027,1,1127.278418502126,0.0,34,16
1028,1,1127.278418502126,0.0,34,16
1029,1,1127.278418502126,0.0,34,16
1030,1,1127.278418502126,0.0,34,16
1031,1,1127.278418502126,0.0,34,16
1032,1,1127.278418502126,0.0,34,16
1033,1,1127.278418502126,0.0,34,16
1034,1,1127.278418502126,0.0,34,16
1035,1,1127.278418502126,0.0,34,16
1036,1,1127.278418502126,0.0,34,16
1037,1,1127.278418502126,0.0,34,16
1038,1,1127.278418502126,0.0,34,16
1039,1,1127.278418502126,0.0,34,16
1040,1,1127.278418502126,0.0,34,16
1041,1,1127.278418502126,0.0,34,16
1042,1,965.4858703106866,0.0301973873997431,34,16
1043,12,965.4858703106866,0.0,25,25
1044,12,965.4858703106866,0.0,25,25
1045,12,965.4858703106866,0.0,25,25
1046,12,965.4858703106866,0.0,25,25
1047,12,965.4858703106866,0.0,25,25
1048,12,965.4858703106866,0.0,25,25
1049,12,965.4858703106866,0.0,25,25
1050,12,965.4858703106866,0.0,25,25
1051,12,965.4858703106866,0.0,25,25
1052,12,965.4858703106866,0.0,25,25
1053,12,965.4858703106866,0.0,25,25
1054,12,965.4858703106866,0.0,25,25
1055,12,965.4858703106866,0.0,25,25
1056,12,965.4858703106866,0.0,25,25
1057,12,965.4858703106866,0.0,25,25
1058,12,965.4858703106866,0.0,25,25
1059,12,965.4858703106866,0.0,25,25
1060,12,965.4858703106866,0.0,25,25
1061,12,965.4858703106866,0.0,25,25
1062,12,965.4858703106866,0.0,25,25
1063,12,965.4858703106866,0.0,25,25
1064,12,965.4858703106866,0.0,25,25
1065,12,965.4858703106866,0.0,25,25
1066,12,965.4858703106866,0.0,25,25
1067,12,965.4858703106866,0.0,25,25
1068,12,965.4858703106866,0.0,25,25
1069,12,965.4858703106866,0.0,25,25
1070,12,965.4858703106866,0.0,25,25
1071,12,965.4858703106866,0.0,25,25
1072,12,965.4858703106866,0.0,25,25
1073,12,965.4858703106866,0.0,25,25
1074,12,965.4858703106866,0.0,25,25
1075,12,965.4858703106866,0.0,25,25
1076,12,965.4858703106866,0.0,25,25
1077,12,965.4858703106866,0.0,25,25
1078,12,965.4858703106866,0.0,25,25
1079,12,965.4858703106866,0.0,25,25
1080,12,965.4858703106866,0.0,25,25
1081,12,965.4858703106866,0.0,25,25
1082,12,965.4858703106866,0.0,25,25
1083,12,965.4858703106866,0.0,25,25
1084,12,965.4858703106866,0.0,25,25
1085,12,965.4858703106866,0.0,25,25
1086,12,965.4858703106866,0.0,25,25
1087,12,965.4858703106866,0.0,25,25
1088,12,965.4858703106866,0.0,25,25
1089,12,965.4858703106866,0.0,25,25
1090,12,965.4858703106866,0.0,25,25
1091,12,965.4858703106866,0.0,25,25
1092,12,965.4858703106866,0.0,25,25
1093,12,965.4858703106866,0.0,25,25
1094,12,965.4858703106866,0.0,25,25
1095,12,965.4858703106866,0.0,25,25
1096,12,965.4858703106866,0.0,25,25
1097,12,965.4858703106866,0.0,25,25
1098,12,965.4858703106866,0.0,25,25
1099,12,965.4858703106866,0.0,25,25
1100,12,965.4858703106866,0.0,25,25
1101,12,965.4858703106866,0.0,25,25
1102,12,965.4858703106866,0.0,25,25
1103,12,965.4858703106866,0.0,25,25
1104,12,965.4858703106866,0.0,25,25
1105,12,965.4858703106866,0.0,25,25
1106,12,965.4858703106866,0.0,25,25
1107,12,965.4858703106866,0.0,25,25
1108,12,965.4858703106866,0.0,25,25
1109,12,965.4858703106866,0.0,25,25
1110,12,965.4858703106866,0.0,25,25
1111,12,965.4858703106866,0.0,25,25
1112,12,965.4858703106866,0.0,25,25
1113,12,965.4858703106866,0.0,25,25
1114,12,965.4858703106866,0.0,25,25
1115,12,965.4858703106866,0.0,25,25
1116,12,965.4858703106866,0.0,25,25
1117,12,965.4858703106866,0.0,25,25
1118,12,965.4858703106866,0.0,25,25
1119,12,965.4858703106866,0.0,25,25
1120,12,965.4858703106866,0.0,25,25
1121,12,965.4858703106866,0.0,25,25
1122,12,965.4858703106866,0.0,25,25
1123,12,965.4858703106866,0.0,25,25
1124,12,965.4858703106866,0.0,25,25
1125,12,965.4858703106866,0.0,25,25
1126,12,965.4858703106866,0.0,25,25
1127,12,965.4858703106866,0.0,25,25
1128,12,965.4858703106866,0.0,25,25
1129,12,965.4858703106866,0.0,25,25
1130,12,965.4858703106866,0.0,25,25
1131,12,965.4858703106866,0.0,25,25
1132,12,965.4858703106866,0.0,25,25
1133,12,965.4858703106866,0.0,25,25
1134,12,965.4858703106866,0.0,25,25
1135,12,965.4858703106866,0.0,25,25
1136,12,965.4858703106866,0.0,25,25
1137,12,965.4858703106866,0.0,25,25
1138,12,965.4858703106866,0.0,25,25
1139,12,965.4858703106866,0.0,25,25
1140,12,965.4858703106866,0.0,25,25
1141,12,965.4858703106866,0.0,25,25
1142,12,965.4858703106866,0.0,25,25
1143,12,965.4858703106866,0.0,25,25
1144,12,965.4858703106866,0.0,25,25
1145,12,965.4858703106866,0.0,25,25
1146,12,965.4858703106866,0.0,25,25
1147,12,965.4858703106866,0.0,25,25
1148,12,965.4858703106866,0.0,25,25
1149,12,965.4858703106866,0.0,25,25
1150,12,965.4858703106866,0.0,25,25
1151,12,965.4858703106866,0.0,25,25
1152,12,965.4858703106866,0.0,25,25
1153,12,965.4858703106866,0.0,25,25
1154,12,965.4858703106866,0.0,25,25
1155,12,965.4858703106866,0.0,25,25
1156,12,965.4858703106866,0.0,25,25
1157,12,965.4858703106866,0.0,25,25
1158,12,965.4858703106866,0.0,25,25
1159,12,965.4858703106866,0.0,25,25
1160,12,965.4858703106866,0.0,25,25
1161,12,965.4858703106866,0.0,25,25
1162,12,965.4858703106866,0.0,25,25
1163,12,965.4858703106866,0.0,25,25
1164,12,965.4858703106866,0.0,25,25
1165,12,965.4858703106866,0.0,25,25
1166,12,965.4858703106866,0.0,25,25
1167,12,965.4858703106866,0.0,25,25
1168,12,965.4858703106866,0.0,25,25
1169,12,965.4858703106866,0.0,25,25
1170,12,965.4858703106866,0.0,25,25
1171,12,965.4858703106866,0.0,25,25
1172,12,965.4858703106866,0.0,25,25
1173,12,965.4858703106866,0.0,25,25
1174,12,965.4858703106866,0.0,25,25
1175,12,965.4858703106866,0.0,25,25
1176,12,965.4858703106866,0.0,25,25
1177,12,965.4858703106866,0.0,25,25
1178,12,965.4858703106866,0.0,25,25
1179,12,965.4858703106866,0.0,25,25
1180,12,965.4858703106866,0.0,25,25
1181,12,965.4858703106866,0.0,25,25
1182,12,965.4858703106866,0.0,25,25
1183,12,965.4858703106866,0.0,25,25
1184,12,965.4858703106866,0.0,25,25
1185,12,965.4858703106866,0.0,25,25
1186,12,965.4858703106866,0.0,25,25
1187,12,965.4858703106866,0.0,25,25
1188,12,965.4858703106866,0.0,25,25
1189,12,965.4858703106866,0.0,25,25
1190,12,965.4858703106866,0.0,25,25
1191,12,965.4858703106866,0.0,25,25
1192,12,965.4858703106866,0.0,25,25
1193,12,965.4858703106866,0.0,25,25
1194,12,965.4858703106866,0.0,25,25
1195,12,965.4858703106866,0.0,25,25
1196,12,965.4858703106866,0.0,25,25
1197,12,965.4858703106866,0.0,25,25
1198,12,965.4858703106866,0.0,25,25
1199,12,965.4858703106866,0.0,25,25
1200,12,965.4858703106866,0.0,25,25
1201,12,965.4858703106866,0.0,25,25
1202,12,965.4858703106866,0.0,25,25
1203,12,965.4858703106866,0.0,25,25
1204,12,965.4858703106866,0.0,25,25
1205,12,965.4858703106866,0.0,25,25
1206,12,965.4858703106866,0.0,25,25
1207,12,965.4858703106866,0.0,25,25
1208,12,965.4858703106866,0.0,25,25
1209,12,965.4858703106866,0.0,25,25
1210,12,965.4858703106866,0.0,25,25
1211,12,965.4858703106866,0.0,25,25
1212,12,965.4858703106866,0.0,25,25
1213,12,965.4858703106866,0.0,25,25
1214,12,965.4858703106866,0.0,25,25
1215,12,965.4858703106866,0.0,25,25
1216,12,965.4858703106866,0.0,25,25
1217,12,965.4858703106866,0.0,25,25
1218,12,965.4858703106866,0.0,25,25
1219,12,965.4858703106866,0.0,25,25
1220,12,965.4858703106866,0.0,25,25
1221,12,965.4858703106866,0.0,25,25
1222,12,965.4858703106866,0.0,25,25
1223,12,965.4858703106866,0.0,25,25
1224,12,965.4858703106866,0.0,25,25
1225,12,965.4858703106866,0.0,25,25
1226,12,965.4858703106866,0.0,25,25
1227,12,965.4858703106866,0.0,25,25
1228,12,965.4858703106866,0.0,25,25
1229,12,965.4858703106866,0.0,25,25
1230,12,965.4858703106866,0.0,25,25
1231,12,965.4858703106866,0.0,25,25
1232,12,965.4858703106866,0.0,25,25
1233,12,965.4858703106866,0.0,25,25
1234,12,965.4858703106866,0.0,25,25
1235,12,965.4858703106866,0.0,25,25
1236,12,965.4858703106866,0.0,25,25
1237,12,965.4858703106866,0.0,25,25
1238,12,965.4858703106866,0.0,25,25
1239,12,965.4858703106866,0.0,25,25
1240,12,965.4858703106866,0.0,25,25
1241,12,965.4858703106866,0.0,25,25
1242,12,965.4858703106866,0.0,25,25
1243,12,965.4858703106866,0.0,25,25
1244,12,965.4858703106866,0.0,25,25
1245,12,965.4858703106866,0.0,25,25
1246,12,965.4858703106866,0.0,25,25
1247,12,965.4858703106866,0.0,25,25
1248,12,965.4858703106866,0.0,25,25
1249,12,965.4858703106866,0.0,25,25
1250,12,965.4858703106866,0.0,25,25
1251,12,965.4858703106866,0.0,25,25
1252,12,965.4858703106866,0.0,25,25
1253,12,965.4858703106866,0.0,25,25
1254,12,965.4858703106866,0.0,25,25
1255,12,965.4858703106866,0.0,25,25
1256,12,965.4858703106866,0.0,25,25
1257,12,965.4858703106866,0.0,25,25
1258,12,965.4858703106866,0.0,25,25
1259,12,965.4858703106866,0.0,25,25
1260,12,965.4858703106866,0.0,25,25
1261,12,965.4858703106866,0.0,25,25
1262,12,965.4858703106866,0.0,25,25
1263,12,965.4858703106866,0.0,25,25
1264,12,965.4858703106866,0.0,25,25
1265,12,965.4858703106866,0.0,25,25
1266,12,965.4858703106866,0.0,25,25
1267,12,965.4858703106866,0.0,25,25
1268,12,965.4858703106866,0.0,25,25
1269,12,965.4858703106866,0.0,25,25
1270,12,965.4858703106866,0.0,25,25
1271,12,965.4858703106866,0.0,25,25
1272,12,965.4858703106866,0.0,25,25
1273,12,965.4858703106866,0.0,25,25
1274,12,965.4858703106866,0.0,25,25
1275,12,965.4858703106866,0.0,25,25
1276,12,965.4858703106866,0.0,25,25
1277,12,965.4858703106866,0.0,25,25
1278,12,965.4858703106866,0.0,25,25
1279,12,965.4858703106866,0.0,25,25
1280,12,965.4858703106866,0.0,25,25
1281,12,965.4858703106866,0.0,25,25
1282,12,965.4858703106866,0.0,25,25
1283,12,965.4858703106866,0.0,25,25
1284,12,965.4858703106866,0.0,25,25
1285,12,965.4858703106866,0.0,25,25
1286,12,965.4858703106866,0.0,25,25
1287,12,965.4858703106866,0.0,25,25
1288,12,965.4858703106866,0.0,25,25
1289,12,965.4858703106866,0.0,25,25
1290,12,965.4858703106866,0.0,25,25
1291,12,965.4858703106866,0.0,25,25
1292,12,965.4858703106866,0.0,25,25
1293,12,965.4858703106866,0.0,25,25
1294,12,965.4858703106866,0.0,25,25
1295,12,965.4858703106866,0.0,25,25
1296,12,965.4858703106866,0.0,25,25
1297,12,965.4858703106866,0.0,25,25
1298,12,965.4858703106866,0.0,25,25
1299,12,965.4858703106866,0.0,25,25
1300,12,965.4858703106866,0.0,25,25
1301,12,965.4858703106866,0.0,25,25
1302,12,965.4858703106866,0.0,25,25
1303,12,965.4858703106866,0.0,25,25
1304,12,965.4858703106866,0.0,25,25
1305,12,965.4858703106866,0.0,25,25
1306,12,965.4858703106866,0.0,25,25
1307,12,965.4858703106866,0.0,25,25
1308,12,965.4858703106866,0.0,25,25
1309,12,965.4858703106866,0.0,25,25
1310,12,965.4858703106866,0.0,25,25
1311,12,965.4858703106866,0.0,25,25
1312,12,965.4858703106866,0.0,25,25
1313,12,965.4858703106866,0.0,25,25
1314,12,965.4858703106866,0.0,25,25
1315,12,965.4858703106866,0.0,25,25
1316,12,965.4858703106866,0.0,25,25
1317,12,965.4858703106866,0.0,25,25
1318,12,965.4858703106866,0.0,25,25
1319,12,965.4858703106866,0.0,25,25
1320,12,965.4858703106866,0.0,25,25
1321,12,965.4858703106866,0.0,25,25
1322,12,965.4858703106866,0.0,25,25
1323,12,965.4858703106866,0.0,25,25
1324,12,965.4858703106866,0.0,25,25
1325,12,965.4858703106866,0.0,25,25
1326,12,965.4858703106866,0.0,25,25
1327,12,965.4858703106866,0.0,25,25
1328,12,965.4858703106866,0.0,25,25
1329,12,965.4858703106866,0.0,25,25
1330,12,965.4858703106866,0.0,25,25
1331,12,965.4858703106866,0.0,25,25
1332,12,965.4858703106866,0.0,25,25
1333,12,965.4858703106866,0.0,25,25
1334,12,965.4858703106866,0.0,25,25
1335,12,965.4858703106866,0.0,25,25
1336,12,965.4858703106866,0.0,25,25
1337,12,965.4858703106866,0.0,25,25
1338,12,965.4858703106866,0.0,25,25
1339,12,965.4858703106866,0.0,25,25
1340,12,965.4858703106866,0.0,25,25
1341,12,965.4858703106866,0.0,25,25
1342,12,965.4858703106866,0.0,25,25
1343,12,965.4858703106866,0.0,25,25
1344,12,965.4858703106866,0.0,25,25
1345,12,965.4858703106866,0.0,25,25
1346,12,965.4858703106866,0.0,25,25
1347,12,965.4858703106866,0.0,25,25
1348,12,965.4858703106866,0.0,25,25
1349,12,965.4858703106866,0.0,25,25
1350,12,965.4858703106866,0.0,25,25
1351,12,965.4858703106866,0.0,25,25
1352,12,965.4858703106866,0.0,25,25
1353,12,965.4858703106866,0.0,25,25
1354,12,965.4858703106866,0.0,25,25
1355,12,965.4858703106866,0.0,25,25
1356,12,965.4858703106866,0.0,25,25
1357,12,965.4858703106866,0.0,25,25
1358,12,965.4858703106866,0.0,25,25
1359,12,965.4858703106866,0.0,25,25
1360,12,965.4858703106866,0.0,25,25
1361,12,965.4858703106866,0.0,25,25
1362,12,965.4858703106866,0.0,25,25
1363,12,965.4858703106866,0.0,25,25
1364,12,965.4858703106866,0.0,25,25
1365,12,965.4858703106866,0.0,25,25
1366,12,965.4858703106866,0.0,25,25
1367,12,965.4858703106866,0.0,25,25
1368,12,965.4858703106866,0.0,25,25
1369,12,965.4858703106866,0.0,25,25
1370,12,965.4858703106866,0.0,25,25
1371,12,965.4858703106866,0.0,25,25
1372,12,965.4858703106866,0.0,25,25
1373,12,965.4858703106866,0.0,25,25
1374,12,965.4858703106866,0.0,25,25
1375,12,965.4858703106866,0.0,25,25
1376,12,965.4858703106866,0.0,25,25
1377,12,965.4858703106866,0.0,25,25
1378,12,965.4858703106866,0.0,25,25
1379,12,965.4858703106866,0.0,25,25
1380,12,965.4858703106866,0.0,25,25
1381,12,965.4858703106866,0.0,25,25
1382,12,965.4858703106866,0.0,25,25
1383,12,965.4858703106866,0.0,25,25
1384,12,965.4858703106866,0.0,25,25
1385,12,965.4858703106866,0.0,25,25
1386,12,965.4858703106866,0.0,25,25
1387,12,965.4858703106866,0.0,25,25
1388,12,965.4858703106866,0.0,25,25
1389,12,965.4858703106866,0.0,25,25
1390,12,965.4858703106866,0.0,25,25
1391,12,965.4858703106866,0.0,25,25
1392,12,965.4858703106866,0.0,25,25
1393,12,965.4858703106866,0.0,25,25
1394,12,965.4858703106866,0.0,25,25
1395,12,965.4858703106866,0.0,25,25
1396,12,965.4858703106866,0.0,25,25
1397,12,965.4858703106866,0.0,25,25
1398,12,965.4858703106866,0.0,25,25
1399,12,965.4858703106866,0.0,25,25
1400,12,965.4858703106866,0.0,25,25
1401,12,965.4858703106866,0.0,25,25
1402,12,965.4858703106866,0.0,25,25
1403,12,965.4858703106866,0.0,25,25
1404,12,965.4858703106866,0.0,25,25
1405,12,965.4858703106866,0.0,25,25
1406,12,965.4858703106866,0.0,25,25
1407,12,965.4858703106866,0.0,25,25
1408,12,965.4858703106866,0.0,25,25
1409,12,965.4858703106866,0.0,25,25
1410,12,965.4858703106866,0.0,25,25
1411,12,965.4858703106866,0.0,25,25
1412,12,965.4858703106866,0.0,25,25
1413,12,965.4858703106866,0.0,25,25
1414,12,965.4858703106866,0.0,25,25
1415,12,965.4858703106866,0.0,25,25
1416,12,965.4858703106866,0.0,25,25
1417,12,965.4858703106866,0.0,25,25
1418,12,965.4858703106866,0.0,25,25
1419,12,965.4858703106866,0.0,25,25
1420,12,965.4858703106866,0.0,25,25
1421,12,965.4858703106866,0.0,25,25
1422,12,965.4858703106866,0.0,25,25
1423,12,965.4858703106866,0.0,25,25
1424,12,965.4858703106866,0.0,25,25
1425,12,965.4858703106866,0.0,25,25
1426,12,965.4858703106866,0.0,25,25
1427,12,965.4858703106866,0.0,25,25
1428,12,965.4858703106866,0.0,25,25
1429,12,965.4858703106866,0.0,25,25
1430,12,965.4858703106866,0.0,25,25
1431,12,965.4858703106866,0.0,25,25
1432,12,965.4858703106866,0.0,25,25
1433,12,965.4858703106866,0.0,25,25
1434,12,965.4858703106866,0.0,25,25
1435,12,965.4858703106866,0.0,25,25
1436,12,965.4858703106866,0.0,25,25
1437,12,965.4858703106866,0.0,25,25
1438,12,965.4858703106866,0.0,25,25
1439,12,965.4858703106866,0.0,25,25
1440,12,965.4858703106866,0.0,25,25
1441,12,965.4858703106866,0.0,25,25
1442,12,965.4858703106866,0.0,25,25
1443,12,965.4858703106866,0.0,25,25
1444,12,965.4858703106866,0.0,25,25
1445,12,965.4858703106866,0.0,25,25
1446,12,965.4858703106866,0.0,25,25
1447,12,965.4858703106866,0.0,25,25
1448,12,965.4858703106866,0.0,25,25
1449,12,965.4858703106866,0.0,25,25
1450,12,965.4858703106866,0.0,25,25
1451,12,965.4858703106866,0.0,25,25
1452,12,965.4858703106866,0.0,25,25
1453,12,965.4858703106866,0.0,25,25
1454,12,965.4858703106866,0.0,25,25
1455,12,965.4858703106866,0.0,25,25
1456,12,965.4858703106866,0.0,25,25
1457,12,965.4858703106866,0.0,25,25
1458,12,965.4858703106866,0.0,25,25
1459,12,965.4858703106866,0.0,25,25
1460,12,965.4858703106866,0.0,25,25
1461,12,965.4858703106866,0.0,25,25
1462,12,965.4858703106866,0.0,25,25
1463,12,965.4858703106866,0.0,25,25
1464,12,965.4858703106866,0.0,25,25
1465,12,965.4858703106866,0.0,25,25
1466,12,965.4858703106866,0.0,25,25
1467,12,965.4858703106866,0.0,25,25
1468,12,965.4858703106866,0.0,25,25
1469,12,965.4858703106866,0.0,25,25
1470,12,965.4858703106866,0.0,25,25
1471,12,965.4858703106866,0.0,25,25
1472,12,965.4858703106866,0.0,25,25
1473,12,965.4858703106866,0.0,25,25
1474,12,965.4858703106866,0.0,25,25
1475,12,965.4858703106866,0.0,25,25
1476,12,965.4858703106866,0.0,25,25
1477,12,965.4858703106866,0.0,25,25
1478,12,965.4858703106866,0.0,25,25
1479,12,965.4858703106866,0.0,25,25
1480,12,965.4858703106866,0.0,25,25
1481,12,965.4858703106866,0.0,25,25
1482,12,965.4858703106866,0.0,25,25
1483,12,965.4858703106866,0.0,25,25
1484,12,965.4858703106866,0.0,25,25
1485,12,965.4858703106866,0.0,25,25
1486,12,965.4858703106866,0.0,25,25
1487,12,965.4858703106866,0.0,25,25
1488,12,965.4858703106866,0.0,25,25
1489,12,965.4858703106866,0.0,25,25
1490,12,965.4858703106866,0.0,25,25
1491,12,965.4858703106866,0.0,25,25
1492,12,965.4858703106866,0.0,25,25
1493,12,965.4858703106866,0.0,25,25
1494,12,965.4858703106866,0.0,25,25
1495,12,965.4858703106866,0.0,25,25
1496,12,965.4858703106866,0.0,25,25
1497,12,965.4858703106866,0.0,25,25
1498,12,965.4858703106866,0.0,25,25
1499,12,965.4858703106866,0.0,25,25
1500,12,965.4858703106866,0.0,25,25
1501,12,965.4858703106866,0.0,25,25
1502,12,965.4858703106866,0.0,25,25
1503,12,965.4858703106866,0.0,25,25
1504,12,965.4858703106866,0.0,25,25
1505,12,965.4858703106866,0.0,25,25
1506,12,965.4858703106866,0.0,25,25
1507,12,965.4858703106866,0.0,25,25
1508,12,965.4858703106866,0.0,25,25
1509,12,965.4858703106866,0.0,25,25
1510,12,965.4858703106866,0.0,25,25
1511,12,965.4858703106866,0.0,25,25
1512,12,965.4858703106866,0.0,25,25
1513,12,965.4858703106866,0.0,25,25
1514,12,965.4858703106866,0.0,25,25
1515,12,965.4858703106866,0.0,25,25
1516,12,965.4858703106866,0.0,25,25
1517,12,965.4858703106866,0.0,25,25
1518,12,965.4858703106866,0.0,25,25
1519,12,965.4858703106866,0.0,25,25
1520,12,944.9230561936029,1.9229550537727946,25,25
1521,12,944.9230561936029,0.0,25,25
1522,12,944.9230561936029,0.0,25,25
1523,12,944.9230561936029,0.0,25,25
1524,12,944.9230561936029,0.0,25,25
1525,12,944.9230561936029,0.0,25,25
1526,12,944.9230561936029,0.0,25,25
1527,12,944.9230561936029,0.0,25,25
1528,12,944.9230561936029,0.0,25,25
1529,12,944.9230561936029,0.0,25,25
1530,12,944.9230561936029,0.0,25,25
1531,12,944.9230561936029,0.0,25,25
1532,12,944.9230561936029,0.0,25,25
1533,12,944.9230561936029,0.0,25,25
1534,12,944.9230561936029,0.0,25,25
1535,12,944.9230561936029,0.0,25,25
1536,12,944.9230561936029,0.0,25,25
1537,12,944.9230561936029,0.0,25,25
1538,12,944.9230561936029,0.0,25,25
1539,12,944.9230561936029,0.0,25,25
1540,12,944.9230561936029,0.0,25,25
1541,12,944.9230561936029,0.0,25,25
1542,12,944.9230561936029,0.0,25,25
1543,12,944.9230561936029,0.0,25,25
1544,12,944.9230561936029,0.0,25,25
1545,12,944.9230561936029,0.0,25,25
1546,12,944.9230561936029,0.0,25,25
1547,12,944.9230561936029,0.0,25,25
1548,12,944.9230561936029,0.0,25,25
1549,12,944.9230561936029,0.0,25,25
1550,12,944.9230561936029,0.0,25,25
1551,12,944.9230561936029,0.0,25,25
1552,12,944.9230561936029,0.0,25,25
1553,12,944.9230561936029,0.0,25,25
1554,12,944.9230561936029,0.0,25,25
1555,12,944.9230561936029,0.0,25,25
1556,12,944.9230561936029,0.0,25,25
1557,12,944.9230561936029,0.0,25,25
1558,12,944.9230561936029,0.0,25,25
1559,12,944.9230561936029,0.0,25,25
1560,12,944.9230561936029,0.0,25,25
1561,12,944.9230561936029,0.0,25,25
1562,12,944.9230561936029,0.0,25,25
1563,12,944.9230561936029,0.0,25,25
1564,12,944.9230561936029,0.0,25,25
1565,12,944.9230561936029,0.0,25,25
1566,12,944.9230561936029,0.0,25,25
1567,12,944.9230561936029,0.0,25,25
1568,12,944.9230561936029,0.0,25,25
1569,12,944.9230561936029,0.0,25,25
1570,12,944.9230561936029,0.0,25,25
1571,12,944.9230561936029,0.0,25,25
1572,12,944.9230561936029,0.0,25,25
1573,12,944.9230561936029,0.0,25,25
1574,12,944.9230561936029,0.0,25,25
1575,12,944.9230561936029,0.0,25,25
1576,12,944.9230561936029,0.0,25,25
1577,12,944.9230561936029,0.0,25,25
1578,12,944.9230561936029,0.0,25,25
1579,12,944.9230561936029,0.0,25,25
1580,12,944.9230561936029,0.0,25,25
1581,12,944.9230561936029,0.0,25,25
1582,12,944.9230561936029,0.0,25,25
1583,12,944.9230561936029,0.0,25,25
1584,12,944.9230561936029,0.0,25,25
1585,12,944.9230561936029,0.0,25,25
1586,12,944.9230561936029,0.0,25,25
1587,12,944.9230561936029,0.0,25,25
1588,12,944.9230561936029,0.0,25,25
1589,12,944.9230561936029,0.0,25,25
1590,12,944.9230561936029,0.0,25,25
1591,12,944.9230561936029,0.0,25,25
1592,12,944.9230561936029,0.0,25,25
1593,12,944.9230561936029,0.0,25,25
1594,12,944.9230561936029,0.0,25,25
1595,12,944.9230561936029,0.0,25,25
1596,12,944.9230561936029,0.0,25,25
1597,12,944.9230561936029,0.0,25,25
1598,12,944.9230561936029,0.0,25,25
1599,12,944.9230561936029,0.0,25,25
1600,12,944.9230561936029,0.0,25,25
1601,12,944.9230561936029,0.0,25,25
1602,12,944.9230561936029,0.0,25,25
1603,12,944.9230561936029,0.0,25,25
1604,12,944.9230561936029,0.0,25,25
1605,12,944.9230561936029,0.0,25,25
1606,12,944.9230561936029,0.0,25,25
1607,12,944.9230561936029,0.0,25,25
1608,12,944.9230561936029,0.0,25,25
1609,12,944.9230561936029,0.0,25,25
1610,12,944.9230561936029,0.0,25,25
1611,12,944.9230561936029,0.0,25,25
1612,12,944.9230561936029,0.0,25,25
1613,12,944.9230561936029,0.0,25,25
1614,12,944.9230561936029,0.0,25,25
1615,12,944.9230561936029,0.0,25,25
1616,12,944.9230561936029,0.0,25,25
1617,12,944.9230561936029,0.0,25,25
1618,12,944.9230561936029,0.0,25,25
1619,12,944.9230561936029,0.0,25,25
1620,12,944.9230561936029,0.0,25,25
1621,12,944.9230561936029,0.0,25,25
1622,12,944.9230561936029,0.0,25,25
1623,12,944.9230561936029,0.0,25,25
1624,12,944.9230561936029,0.0,25,25
1625,12,944.9230561936029,0.0,25,25
1626,12,944.9230561936029,0.0,25,25
1627,12,944.9230561936029,0.0,25,25
1628,12,944.9230561936029,0.0,25,25
1629,12,944.9230561936029,0.0,25,25
1630,12,944.9230561936029,0.0,25,25
1631,12,944.9230561936029,0.0,25,25
1632,12,944.9230561936029,0.0,25,25
1633,12,944.9230561936029,0.0,25,25
1634,12,944.9230561936029,0.0,25,25
1635,12,944.9230561936029,0.0,25,25
1636,12,944.9230561936029,0.0,25,25
1637,12,944.9230561936029,0.0,25,25
1638,12,944.9230561936029,0.0,25,25
1639,12,944.9230561936029,0.0,25,25
1640,12,944.9230561936029,0.0,25,25
1641,12,944.9230561936029,0.0,25,25
1642,12,944.9230561936029,0.0,25,25
1643,12,944.9230561936029,0.0,25,25
1644,12,944.9230561936029,0.0,25,25
1645,12,944.9230561936029,0.0,25,25
1646,12,944.9230561936029,0.0,25,25
1647,12,944.9230561936029,0.0,25,25
1648,12,944.9230561936029,0.0,25,25
1649,12,944.9230561936029,0.0,25,25
1650,12,944.9230561936029,0.0,25,25
1651,12,944.9230561936029,0.0,25,25
1652,12,944.9230561936029,0.0,25,25
1653,12,944.9230561936029,0.0,25,25
1654,12,944.9230561936029,0.0,25,25
1655,12,944.9230561936029,0.0,25,25
1656,12,944.9230561936029,0.0,25,25
1657,12,944.9230561936029,0.0,25,25
1658,12,944.9230561936029,0.0,25,25
1659,12,944.9230561936029,0.0,25,25
1660,12,944.9230561936029,0.0,25,25
1661,12,944.9230561936029,0.0,25,25
1662,12,944.9230561936029,0.0,25,25
1663,12,944.9230561936029,0.0,25,25
1664,12,944.9230561936029,0.0,25,25
1665,12,944.9230561936029,0.0,25,25
1666,12,944.9230561936029,0.0,25,25
1667,12,944.9230561936029,0.0,25,25
1668,12,944.9230561936029,0.0,25,25
1669,12,944.9230561936029,0.0,25,25
1670,12,944.9230561936029,0.0,25,25
1671,12,944.9230561936029,0.0,25,25
1672,12,944.9230561936029,0.0,25,25
1673,12,944.9230561936029,0.0,25,25
1674,12,944.9230561936029,0.0,25,25
1675,12,944.9230561936029,0.0,25,25
1676,12,944.9230561936029,0.0,25,25
1677,12,944.9230561936029,0.0,25,25
1678,12,944.9230561936029,0.0,25,25
1679,12,944.9230561936029,0.0,25,25
1680,12,944.9230561936029,0.0,25,25
1681,12,944.9230561936029,0.0,25,25
1682,12,944.9230561936029,0.0,25,25
1683,12,944.9230561936029,0.0,25,25
1684,12,944.9230561936029,0.0,25,25
1685,12,944.9230561936029,0.0,25,25
1686,12,944.9230561936029,0.0,25,25
1687,12,944.9230561936029,0.0,25,25
1688,12,944.9230561936029,0.0,25,25
1689,12,944.9230561936029,0.0,25,25
1690,12,944.9230561936029,0.0,25,25
1691,12,944.9230561936029,0.0,25,25
1692,12,944.9230561936029,0.0,25,25
1693,12,944.9230561936029,0.0,25,25
1694,12,944.9230561936029,0.0,25,25
1695,12,944.9230561936029,0.0,25,25
1696,12,944.9230561936029,0.0,25,25
1697,12,944.9230561936029,0.0,25,25
1698,12,944.9230561936029,0.0,25,25
1699,12,944.9230561936029,0.0,25,25
1700,12,944.9230561936029,0.0,25,25
1701,12,944.9230561936029,0.0,25,25
1702,12,944.9230561936029,0.0,25,25
1703,12,944.9230561936029,0.0,25,25
1704,12,944.9230561936029,0.0,25,25
1705,12,944.9230561936029,0.0,25,25
1706,12,944.9230561936029,0.0,25,25
1707,12,944.9230561936029,0.0,25,25
1708,12,944.9230561936029,0.0,25,25
1709,12,944.9230561936029,0.0,25,25
1710,12,944.9230561936029,0.0,25,25
1711,12,944.9230561936029,0.0,25,25
1712,12,944.9230561936029,0.0,25,25
1713,12,944.9230561936029,0.0,25,25
1714,12,944.9230561936029,0.0,25,25
1715,12,944.9230561936029,0.0,25,25
1716,12,944.9230561936029,0.0,25,25
1717,12,944.9230561936029,0.0,25,25
1718,12,944.9230561936029,0.0,25,25
1719,12,944.9230561936029,0.0,25,25
1720,12,944.9230561936029,0.0,25,25
1721,12,944.9230561936029,0.0,25,25
1722,12,944.9230561936029,0.0,25,25
1723,5,944.9230561936029,0.0,25,25
1724,5,944.9230561936029,0.0,25,25
1725,5,944.9230561936029,0.0,25,25
1726,5,944.9230561936029,0.0,25,25
1727,1,944.9230561936029,0.0,38,12
1728,1,944.9230561936029,0.0,38,12
1729,1,944.9230561936029,0.0,38,12
1730,1,944.9230561936029,0.0,38,12
1731,1,944.9230561936029,0.0,38,12
1732,1,944.9230561936029,0.0,38,12
1733,12,944.9230561936029,0.0,25,25
1734,12,944.9230561936029,0.0,25,25
1735,12,944.9230561936029,0.0,25,25
1736,12,944.9230561936029,0.0,25,25
1737,12,944.9230561936029,0.0,25,25
1738,12,944.9230561936029,0.0,25,25
1739,12,944.9230561936029,0.0,25,25
1740,12,944.9230561936029,0.0,25,25
1741,12,944.9230561936029,0.0,25,25
1742,12,944.9230561936029,0.0,25,25
1743,12,944.9230561936029,0.0,25,25
1744,12,944.9230561936029,0.0,25,25
1745,12,944.9230561936029,0.0,25,25
1746,12,944.9230561936029,0.0,25,25
1747,12,944.9230561936029,0.0,25,25
1748,12,944.9230561936029,0.0,25,25
1749,12,944.9230561936029,0.0,25,25
1750,12,944.9230561936029,0.0,25,25
1751,12,944.9230561936029,0.0,25,25
1752,12,944.9230561936029,0.0,25,25
1753,12,944.9230561936029,0.0,25,25
1754,12,944.9230561936029,0.0,25,25
1755,12,944.9230561936029,0.0,25,25
1756,12,944.9230561936029,0.0,25,25
1757,12,944.9230561936029,0.0,25,25
1758,12,944.9230561936029,0.0,25,25
1759,12,944.9230561936029,0.0,25,25
1760,12,944.9230561936029,0.0,25,25
1761,12,944.9230561936029,0.0,25,25
1762,12,944.9230561936029,0.0,25,25
1763,12,944.9230561936029,0.0,25,25
1764,12,944.9230561936029,0.0,25,25
1765,12,944.9230561936029,0.0,25,25
1766,12,944.9230561936029,0.0,25,25
1767,12,944.9230561936029,0.0,25,25
1768,12,944.9230561936029,0.0,25,25
1769,12,944.9230561936029,0.0,25,25
1770,12,944.9230561936029,0.0,25,25
1771,12,944.9230561936029,0.0,25,25
1772,12,944.9230561936029,0.0,25,25
1773,12,944.9230561936029,0.0,25,25
1774,12,944.9230561936029,0.0,25,25
1775,12,944.9230561936029,0.0,25,25
1776,12,944.9230561936029,0.0,25,25
1777,12,944.9230561936029,0.0,25,25
1778,12,944.9230561936029,0.0,25,25
1779,12,944.9230561936029,0.0,25,25
1780,12,944.9230561936029,0.0,25,25
1781,12,944.9230561936029,0.0,25,25
1782,12,944.9230561936029,0.0,25,25
1783,12,944.9230561936029,0.0,25,25
1784,12,944.9230561936029,0.0,25,25
1785,12,944.9230561936029,0.0,25,25
1786,12,944.9230561936029,0.0,25,25
1787,12,944.9230561936029,0.0,25,25
1788,12,944.9230561936029,0.0,25,25
1789,12,944.9230561936029,0.0,25,25
1790,12,944.9230561936029,0.0,25,25
1791,12,944.9230561936029,0.0,25,25
1792,12,944.9230561936029,0.0,25,25
1793,12,944.9230561936029,0.0,25,25
1794,12,944.9230561936029,0.0,25,25
1795,12,944.9230561936029,0.0,25,25
1796,12,944.9230561936029,0.0,25,25
1797,12,944.9230561936029,0.0,25,25
1798,12,944.9230561936029,0.0,25,25
1799,12,944.9230561936029,0.0,25,25
1800,12,944.9230561936029,0.0,25,25
1801,12,944.9230561936029,0.0,25,25
1802,12,944.9230561936029,0.0,25,25
1803,12,944.9230561936029,0.0,25,25
1804,12,944.9230561936029,0.0,25,25
1805,12,944.9230561936029,0.0,25,25
1806,12,944.9230561936029,0.0,25,25
1807,12,944.9230561936029,0.0,25,25
1808,12,944.9230561936029,0.0,25,25
1809,12,944.9230561936029,0.0,25,25
1810,12,944.9230561936029,0.0,25,25
1811,12,944.9230561936029,0.0,25,25
1812,12,944.9230561936029,0.0,25,25
1813,12,944.9230561936029,0.0,25,25
1814,12,944.9230561936029,0.0,25,25
1815,12,944.9230561936029,0.0,25,25
1816,12,944.9230561936029,0.0,25,25
1817,12,944.9230561936029,0.0,25,25
1818,12,944.9230561936029,0.0,25,25
1819,12,944.9230561936029,0.0,25,25
1820,12,944.9230561936029,0.0,25,25
1821,12,944.9230561936029,0.0,25,25
1822,12,944.9230561936029,0.0,25,25
1823,12,944.9230561936029,0.0,25,25
1824,12,944.9230561936029,0.0,25,25
1825,12,944.9230561936029,0.0,25,25
1826,12,944.9230561936029,0.0,25,25
1827,12,944.9230561936029,0.0,25,25
1828,12,944.9230561936029,0.0,25,25
1829,12,944.9230561936029,0.0,25,25
1830,12,944.9230561936029,0.0,25,25
1831,12,944.9230561936029,0.0,25,25
1832,12,944.9230561936029,0.0,25,25
1833,12,944.9230561936029,0.0,25,25
1834,12,944.9230561936029,0.0,25,25
1835,12,944.9230561936029,0.0,25,25
1836,12,944.9230561936029,0.0,25,25
1837,12,944.9230561936029,0.0,25,25
1838,12,944.9230561936029,0.0,25,25
1839,12,944.9230561936029,0.0,25,25
1840,12,944.9230561936029,0.0,25,25
1841,12,944.9230561936029,0.0,25,25
1842,12,944.9230561936029,0.0,25,25
1843,12,944.9230561936029,0.0,25,25
1844,12,944.9230561936029,0.0,25,25
1845,12,944.9230561936029,0.0,25,25
1846,12,944.9230561936029,0.0,25,25
1847,12,944.9230561936029,0.0,25,25
1848,12,944.9230561936029,0.0,25,25
1849,12,944.9230561936029,0.0,25,25
1850,12,944.9230561936029,0.0,25,25
1851,12,944.9230561936029,0.0,25,25
1852,12,944.9230561936029,0.0,25,25
1853,12,944.9230561936029,0.0,25,25
1854,12,944.9230561936029,0.0,25,25
1855,12,944.9230561936029,0.0,25,25
1856,12,944.9230561936029,0.0,25,25
1857,12,944.9230561936029,0.0,25,25
1858,12,944.9230561936029,0.0,25,25
1859,12,944.9230561936029,0.0,25,25
1860,12,944.9230561936029,0.0,25,25
1861,12,944.9230561936029,0.0,25,25
1862,12,944.9230561936029,0.0,25,25
1863,12,944.9230561936029,0.0,25,25
1864,12,944.9230561936029,0.0,25,25
1865,12,944.9230561936029,0.0,25,25
1866,12,944.9230561936029,0.0,25,25
1867,12,944.9230561936029,0.0,25,25
1868,12,944.9230561936029,0.0,25,25
1869,12,944.9230561936029,0.0,25,25
1870,12,944.9230561936029,0.0,25,25
1871,12,944.9230561936029,0.0,25,25
1872,12,944.9230561936029,0.0,25,25
1873,12,944.9230561936029,0.0,25,25
1874,12,944.9230561936029,0.0,25,25
1875,12,944.9230561936029,0.0,25,25
1876,12,944.9230561936029,0.0,25,25
1877,12,944.9230561936029,0.0,25,25
1878,12,944.9230561936029,0.0,25,25
1879,12,944.9230561936029,0.0,25,25
1880,12,944.9230561936029,0.0,25,25
1881,12,944.9230561936029,0.0,25,25
1882,12,944.9230561936029,0.0,25,25
1883,12,944.9230561936029,0.0,25,25
1884,12,944.9230561936029,0.0,25,25
1885,12,944.9230561936029,0.0,25,25
1886,12,944.9230561936029,0.0,25,25
1887,12,944.9230561936029,0.0,25,25
1888,12,944.9230561936029,0.0,25,25
1889,12,944.9230561936029,0.0,25,25
1890,12,944.9230561936029,0.0,25,25
1891,12,944.9230561936029,0.0,25,25
1892,12,944.9230561936029,0.0,25,25
1893,12,944.9230561936029,0.0,25,25
1894,12,944.9230561936029,0.0,25,25
1895,12,944.9230561936029,0.0,25,25
1896,12,812.2918368397109,2.687351333335095,25,25
1897,12,812.2918368397109,0.0,25,25
1898,12,812.2918368397109,0.0,25,25
1899,12,812.2918368397109,0.0,25,25
1900,12,812.2918368397109,0.0,25,25
1901,12,812.2918368397109,0.0,25,25
1902,12,812.2918368397109,0.0,25,25
1903,12,812.2918368397109,0.0,25,25
1904,12,812.2918368397109,0.0,25,25
1905,12,812.2918368397109,0.0,25,25
1906,12,812.2918368397109,0.0,25,25
1907,12,812.2918368397109,0.0,25,25
1908,12,812.2918368397109,0.0,25,25
1909,12,812.2918368397109,0.0,25,25
1910,12,812.2918368397109,0.0,25,25
1911,12,812.2918368397109,0.0,25,25
1912,12,812.2918368397109,0.0,25,25
1913,12,812.2918368397109,0.0,25,25
1914,12,812.2918368397109,0.0,25,25
1915,12,812.2918368397109,0.0,25,25
1916,12,812.2918368397109,0.0,25,25
1917,12,812.2918368397109,0.0,25,25
1918,12,812.2918368397109,0.0,25,25
1919,12,812.2918368397109,0.0,25,25
1920,12,812.2918368397109,0.0,25,25
1921,12,812.2918368397109,0.0,25,25
1922,12,812.2918368397109,0.0,25,25
1923,12,812.2918368397109,0.0,25,25
1924,12,812.2918368397109,0.0,25,25
1925,12,812.2918368397109,0.0,25,25
1926,12,812.2918368397109,0.0,25,25
1927,12,812.2918368397109,0.0,25,25
1928,12,812.2918368397109,0.0,25,25
1929,12,812.2918368397109,0.0,25,25
1930,12,812.2918368397109,0.0,25,25
1931,12,812.2918368397109,0.0,25,25
1932,12,812.2918368397109,0.0,25,25
1933,12,812.2918368397109,0.0,25,25
1934,12,812.2918368397109,0.0,25,25
1935,12,812.2918368397109,0.0,25,25
1936,12,812.2918368397109,0.0,25,25
1937,12,812.2918368397109,0.0,25,25
1938,12,812.2918368397109,0.0,25,25
1939,12,812.2918368397109,0.0,25,25
1940,12,812.2918368397109,0.0,25,25
1941,12,812.2918368397109,0.0,25,25
1942,12,812.2918368397109,0.0,25,25
1943,12,812.2918368397109,0.0,25,25
1944,12,812.2918368397109,0.0,25,25
1945,12,812.2918368397109,0.0,25,25
1946,12,812.2918368397109,0.0,25,25
1947,12,812.2918368397109,0.0,25,25
1948,12,812.2918368397109,0.0,25,25
1949,12,812.2918368397109,0.0,25,25
1950,12,812.2918368397109,0.0,25,25
1951,12,812.2918368397109,0.0,25,25
1952,12,812.2918368397109,0.0,25,25
1953,12,812.2918368397109,0.0,25,25
1954,12,812.2918368397109,0.0,25,25
1955,12,812.2918368397109,0.0,25,25
1956,12,812.2918368397109,0.0,25,25
1957,12,812.2918368397109,0.0,25,25
1958,12,812.2918368397109,0.0,25,25
1959,12,812.2918368397109,0.0,25,25
1960,12,812.2918368397109,0.0,25,25
1961,12,812.2918368397109,0.0,25,25
1962,12,812.2918368397109,0.0,25,25
1963,12,812.2918368397109,0.0,25,25
1964,12,812.2918368397109,0.0,25,25
1965,12,812.2918368397109,0.0,25,25
1966,12,812.2918368397109,0.0,25,25
1967,12,812.2918368397109,0.0,25,25
1968,12,812.2918368397109,0.0,25,25
1969,12,812.2918368397109,0.0,25,25
1970,12,812.2918368397109,0.0,25,25
1971,12,812.2918368397109,0.0,25,25
1972,12,812.2918368397109,0.0,25,25
1973,12,812.2918368397109,0.0,25,25
1974,12,812.2918368397109,0.0,25,25
1975,12,812.2918368397109,0.0,25,25
1976,12,812.2918368397109,0.0,25,25
1977,12,812.2918368397109,0.0,25,25
1978,12,812.2918368397109,0.0,25,25
1979,12,812.2918368397109,0.0,25,25
1980,12,812.2918368397109,0.0,25,25
1981,12,812.2918368397109,0.0,25,25
1982,12,812.2918368397109,0.0,25,25
1983,12,812.2918368397109,0.0,25,25
1984,12,812.2918368397109,0.0,25,25
1985,12,812.2918368397109,0.0,25,25
1986,12,812.2918368397109,0.0,25,25
1987,12,812.2918368397109,0.0,25,25
1988,12,812.2918368397109,0.0,25,25
1989,12,812.2918368397109,0.0,25,25
1990,12,812.2918368397109,0.0,25,25
1991,12,812.2918368397109,0.0,25,25
1992,12,812.2918368397109,0.0,25,25
1993,12,812.2918368397109,0.0,25,25
1994,12,812.2918368397109,0.0,25,25
1995,12,812.2918368397109,0.0,25,25
1996,12,812.2918368397109,0.0,25,25
1997,12,812.2918368397109,0.0,25,25
1998,12,812.2918368397109,0.0,25,25
1999,12,812.2918368397109,0.0,25,25
